"Status","Start Time","Stop Time","Duration in ms","Parent Suite","Suite","Sub Suite","Test Class","Test Method","Name","Description"
"failed","Wed Dec 16 20:16:40 CST 2020","Wed Dec 16 20:16:40 CST 2020","1","","test_calc","TestCalc","","","test_sub[int]",""
"passed","Wed Dec 16 20:16:38 CST 2020","Wed Dec 16 20:16:38 CST 2020","0","","test_calc","TestCalc","","","test_mul[minus]",""
"failed","Wed Dec 16 20:16:42 CST 2020","Wed Dec 16 20:16:42 CST 2020","1","","test_calc","TestCalc","","","test_sub[minus]",""
"passed","Wed Dec 16 20:16:38 CST 2020","Wed Dec 16 20:16:38 CST 2020","0","","test_calc","TestCalc","","","test_mul[int]",""
"failed","Wed Dec 16 20:16:44 CST 2020","Wed Dec 16 20:16:44 CST 2020","1","","test_calc","TestCalc","","","test_sub[bigint]",""
"passed","Wed Dec 16 20:16:38 CST 2020","Wed Dec 16 20:16:38 CST 2020","0","","test_calc","TestCalc","","","test_div[bigint]",""
"passed","Wed Dec 16 20:16:38 CST 2020","Wed Dec 16 20:16:38 CST 2020","0","","test_calc","TestCalc","","","test_div[minus]",""
"passed","Wed Dec 16 20:16:38 CST 2020","Wed Dec 16 20:16:38 CST 2020","0","","test_calc","TestCalc","","","test_mul[bigint]",""
"passed","Wed Dec 16 20:16:44 CST 2020","Wed Dec 16 20:16:44 CST 2020","0","","test_calc","TestCalc","","","test_add[int]",""
"passed","Wed Dec 16 20:16:44 CST 2020","Wed Dec 16 20:16:44 CST 2020","0","","test_calc","TestCalc","","","test_add[bigint]",""
"passed","Wed Dec 16 20:16:38 CST 2020","Wed Dec 16 20:16:38 CST 2020","0","","test_calc","TestCalc","","","test_div[int]",""
"passed","Wed Dec 16 20:16:44 CST 2020","Wed Dec 16 20:16:44 CST 2020","0","","test_calc","TestCalc","","","test_add[minus]",""
